id,title,intro,poster,pubdate,url,rating,genres,star,comment,tags,star_time
3686161954,狂飙,,https://img2.doubanio.com/view/photo/m_ratio_poster/public/p2886376181.jpg,2023-01-14(中国大陆),https://movie.douban.com/subject/35465232/,8.6,"剧情,犯罪",5,,,2023-02-09 21:57:42
3686157029,流浪地球2,,https://img1.doubanio.com/view/photo/m_ratio_poster/public/p2885955777.jpg,2023-01-22(中国大陆),https://movie.douban.com/subject/35267208/,8.2,"科幻,冒险,灾难",5,,,2023-02-09 21:54:03
3684909016,三体,,https://img2.doubanio.com/view/photo/m_ratio_poster/public/p2886492021.jpg,2023-01-15(中国大陆),https://movie.douban.com/subject/26647087/,8.3,"剧情,科幻",5,,科幻,2023-02-08 20:32:55
3639082064,中国奇谭,,https://img1.doubanio.com/view/photo/m_ratio_poster/public/p2885130077.jpg,2023-01-01(中国大陆),https://movie.douban.com/subject/35674355/,9.5,"动画,奇幻,短片",5,,,2023-01-08 20:29:05
3637646362,分手的决心,,https://img2.doubanio.com/view/photo/m_ratio_poster/public/p2873816122.jpg,2022-05-23(戛纳电影节),https://movie.douban.com/subject/35073886/,7.6,"剧情,犯罪,悬疑",4,,,2023-01-07 22:06:05
3637645446,去有风的地方,,https://img1.doubanio.com/view/photo/m_ratio_poster/public/p2885759819.jpg,2023-01-03(中国大陆),https://movie.douban.com/subject/35662223/,,剧情,4,,,2023-01-07 22:05:38
3613125566,弥留之国的爱丽丝 第二季,,https://img1.doubanio.com/view/photo/m_ratio_poster/public/p2884687278.jpg,2022-12-22(日本),https://movie.douban.com/subject/35300122/,7.2,"动作,科幻,悬疑",5,,,2022-12-23 20:02:53
3613123965,利刃出鞘2,,https://img2.doubanio.com/view/photo/m_ratio_poster/public/p2882492021.jpg,2022-09-10(多伦多电影节),https://movie.douban.com/subject/34939037/,7.6,"剧情,喜剧,犯罪",4,,,2022-12-23 20:01:33
3610318058,全面回忆,,https://img2.doubanio.com/view/photo/m_ratio_poster/public/p1659575372.jpg,2012-10-20(中国大陆),https://movie.douban.com/subject/3569911/,7.1,"动作,科幻,惊悚",4,,,2022-12-21 12:36:16
3607419514,成瘾剂量,,https://img1.doubanio.com/view/photo/m_ratio_poster/public/p2867314050.jpg,2021-10-13(美国),https://movie.douban.com/subject/35101436/,9.4,剧情,5,,,2022-12-18 21:13:14
3607075460,三体,,https://img2.doubanio.com/view/photo/m_ratio_poster/public/p2885057891.jpg,2022-12-10(中国大陆),https://movie.douban.com/subject/34444648/,6.6,"剧情,科幻,动画",3,毁原著,科幻,2022-12-18 16:20:46
3605362355,恋爱行星,,https://img9.doubanio.com/view/photo/m_ratio_poster/public/p2187311264.jpg,2002-03-28,https://movie.douban.com/subject/1307706/,6.9,"剧情,爱情,奇幻",5,爱情观启蒙之一,爱情,2022-12-17 02:52:37
3604276947,少林足球,,https://img9.doubanio.com/view/photo/m_ratio_poster/public/p2507107765.jpg,2001-07-12(中国香港),https://movie.douban.com/subject/1297747/,8.1,"动作,喜剧,运动",5,,,2022-12-16 05:11:46
3604276884,九品芝麻官,,https://img1.doubanio.com/view/photo/m_ratio_poster/public/p648370300.jpg,1994-03-31(中国香港),https://movie.douban.com/subject/1297518/,8.7,"剧情,喜剧,古装",5,,,2022-12-16 05:11:28
3604276134,第五元素,,https://img9.doubanio.com/view/photo/m_ratio_poster/public/p2217639745.jpg,1997-05-07(法国),https://movie.douban.com/subject/1293531/,8,"动作,科幻,冒险",5,,科幻,2022-12-16 05:06:50
3604276126,回到未来,,https://img2.doubanio.com/view/photo/m_ratio_poster/public/p475872903.jpg,1985-07-03(美国),https://movie.douban.com/subject/1300555/,8.7,"喜剧,科幻,冒险",5,,科幻,2022-12-16 05:06:47
3604276108,十二猴子,,https://img1.doubanio.com/view/photo/m_ratio_poster/public/p627041570.jpg,1995-12-08(纽约首映),https://movie.douban.com/subject/1298744/,8.2,"科幻,悬疑,惊悚",5,,科幻,2022-12-16 05:06:41
3604276075,异次元骇客,,https://img1.doubanio.com/view/photo/m_ratio_poster/public/p1932438619.jpg,1999-05-28(美国),https://movie.douban.com/subject/1300282/,8.4,"科幻,悬疑,惊悚",5,,科幻,2022-12-16 05:06:30
3604275974,超时空接触,,https://img1.doubanio.com/view/photo/m_ratio_poster/public/p453499268.jpg,1997-07-11,https://movie.douban.com/subject/1295647/,8.4,"剧情,科幻,悬疑",5,,科幻,2022-12-16 05:05:53
3604275943,少数派报告,,https://img9.doubanio.com/view/photo/m_ratio_poster/public/p2266526895.jpg,2002-06-21(美国),https://movie.douban.com/subject/1297689/,7.9,"科幻,犯罪,惊悚",5,,,2022-12-16 05:05:40
3604275865,环形使者,,https://img1.doubanio.com/view/photo/m_ratio_poster/public/p1682562648.jpg,2012-09-28(中国大陆),https://movie.douban.com/subject/3179706/,6.9,"动作,科幻,惊悚",5,,科幻,2022-12-16 05:05:15
3604275784,李献计历险记,,https://img9.doubanio.com/view/photo/m_ratio_poster/public/p1199893304.jpg,2011-10-01(中国大陆),https://movie.douban.com/subject/5320233/,6.4,"爱情,奇幻,冒险",4,,,2022-12-16 05:04:42
3602798533,危情时速,,https://img9.doubanio.com/view/photo/m_ratio_poster/public/p645525196.jpg,2010-11-09(中国大陆),https://movie.douban.com/subject/3011459/,7.8,"动作,惊悚",5,,,2022-12-14 20:08:27
3602796658,我是传奇,,https://img9.doubanio.com/view/photo/m_ratio_poster/public/p574158935.jpg,2007-12-14(美国),https://movie.douban.com/subject/1820156/,8.1,"剧情,动作,惊悚",5,,,2022-12-14 20:06:40
3602796525,明日边缘,,https://img1.doubanio.com/view/photo/m_ratio_poster/public/p2185073849.jpg,2014-06-06(中国大陆),https://movie.douban.com/subject/4746257/,8.2,"动作,科幻",5,,,2022-12-14 20:06:33
3602728575,与神同行：罪与罚,,https://img1.doubanio.com/view/photo/m_ratio_poster/public/p2500130777.jpg,2017-12-20(韩国),https://movie.douban.com/subject/11584016/,7.8,"剧情,奇幻",5,,,2022-12-14 18:52:04
3602728513,与神同行2：因与缘,,https://img9.doubanio.com/view/photo/m_ratio_poster/public/p2527205786.jpg,2018-08-01(韩国),https://movie.douban.com/subject/27003543/,7.6,"动作,奇幻",5,,,2022-12-14 18:51:59
3602728037,始动,,https://img2.doubanio.com/view/photo/m_ratio_poster/public/p2576730703.jpg,2019-12-18(韩国),https://movie.douban.com/subject/34809353/,6.6,"剧情,喜剧",4,,,2022-12-14 18:51:25
3602670483,阿弥陀堂讯息,,https://img2.doubanio.com/view/photo/m_ratio_poster/public/p2393018482.jpg,2002-10-05,https://movie.douban.com/subject/1937998/,8.5,剧情,5,,科幻,2022-12-14 17:36:01
3602669924,未知电视剧,,https://img2.doubanio.com/f/frodo/568eb8fac54d39fe599b0de8c3f2aee1dbc43cf0/pics/subject/tv_large.jpg,,https://movie.douban.com/subject/30169926/,0,,5,,科幻,2022-12-14 17:35:22
3602667679,杨之后,,https://img1.doubanio.com/view/photo/m_ratio_poster/public/p2867419800.jpg,2021-07-08(戛纳电影节),https://movie.douban.com/subject/30475837/,7.4,"剧情,科幻",4,,,2022-12-14 17:32:32
3602667380,瞬息全宇宙,,https://img9.doubanio.com/view/photo/m_ratio_poster/public/p2869765076.jpg,2022-03-11(西南偏南电影节),https://movie.douban.com/subject/30314848/,7.6,"喜剧,奇幻,冒险",5,,科幻,2022-12-14 17:32:07
3602667031,异星灾变 第二季,,https://img9.doubanio.com/view/photo/m_ratio_poster/public/p2846094056.jpg,2022-02-03(美国),https://movie.douban.com/subject/35206532/,7.9,"剧情,科幻,奇幻",5,,,2022-12-14 17:31:39
3602666196,黑鸟,,https://img2.doubanio.com/view/photo/m_ratio_poster/public/p2874949721.jpg,2022-07-08(美国),https://movie.douban.com/subject/35342065/,7.8,"剧情,犯罪",5,,,2022-12-14 17:30:35
3602665376,冰血暴 第四季,,https://img1.doubanio.com/view/photo/m_ratio_poster/public/p2616817950.jpg,2020-09-27(美国),https://movie.douban.com/subject/27623155/,7.7,"剧情,犯罪",5,,,2022-12-14 17:29:31
3602665253,冰血暴 第三季,,https://img9.doubanio.com/view/photo/m_ratio_poster/public/p2453162544.jpg,2017-04-19(美国),https://movie.douban.com/subject/26671380/,8.2,"剧情,犯罪,惊悚",5,,,2022-12-14 17:29:22
3602665128,冰血暴 第二季,,https://img9.doubanio.com/view/photo/m_ratio_poster/public/p2264960815.jpg,2015-10-12(美国),https://movie.douban.com/subject/25919897/,9.2,"剧情,犯罪",5,,,2022-12-14 17:29:13
3602664975,冰血暴 第一季,,https://img9.doubanio.com/view/photo/m_ratio_poster/public/p2173896435.jpg,2014-04-15(美国),https://movie.douban.com/subject/24297912/,9,"剧情,犯罪",5,,,2022-12-14 17:29:03
3602664554,苍穹浩瀚 第五季,,https://img2.doubanio.com/view/photo/m_ratio_poster/public/p2627248892.jpg,2020-12-16(美国),https://movie.douban.com/subject/34725334/,8.5,"剧情,动作,科幻",5,,,2022-12-14 17:28:30
3602664417,苍穹浩瀚 第四季,,https://img2.doubanio.com/view/photo/m_ratio_poster/public/p2570610523.jpg,2019-12-13(美国),https://movie.douban.com/subject/30234319/,8.3,"剧情,动作,科幻",5,,,2022-12-14 17:28:20
3602664294,苍穹浩瀚 第三季,,https://img1.doubanio.com/view/photo/m_ratio_poster/public/p2518519547.jpg,2018-04-11(美国),https://movie.douban.com/subject/27025029/,9.4,"科幻,悬疑",5,,,2022-12-14 17:28:10
3602664069,苍穹浩瀚 第二季,,https://img1.doubanio.com/view/photo/m_ratio_poster/public/p2417284689.jpg,2017-02-01(美国),https://movie.douban.com/subject/26675245/,9.2,"科幻,悬疑",5,,,2022-12-14 17:27:54
3602663862,苍穹浩瀚 第一季,,https://img1.doubanio.com/view/photo/m_ratio_poster/public/p2276966687.jpg,2015-12-14(美国),https://movie.douban.com/subject/25926851/,8.6,"科幻,悬疑",5,,,2022-12-14 17:27:40
3602663643,亿万 第六季,,https://img9.doubanio.com/view/photo/m_ratio_poster/public/p2794913356.jpg,2022-01-23(美国),https://movie.douban.com/subject/35213036/,7.6,剧情,5,,,2022-12-14 17:27:23
3602663518,亿万 第五季,,https://img9.doubanio.com/view/photo/m_ratio_poster/public/p2595085475.jpg,2020-05-03(美国),https://movie.douban.com/subject/33440173/,9.1,"剧情,犯罪",5,,,2022-12-14 17:27:14
3602663398,亿万 第四季,,https://img9.doubanio.com/view/photo/m_ratio_poster/public/p2548494594.jpg,2019-03-17(美国),https://movie.douban.com/subject/30206924/,9.3,剧情,5,,,2022-12-14 17:27:05
3602663211,亿万 第三季,,https://img1.doubanio.com/view/photo/m_ratio_poster/public/p2511621940.jpg,2018-03-25(美国),https://movie.douban.com/subject/26993083/,9.2,"剧情,犯罪,悬疑",5,,,2022-12-14 17:26:53
3602663058,亿万 第二季,,https://img2.doubanio.com/view/photo/m_ratio_poster/public/p2405823742.jpg,2017-02-20(美国),https://movie.douban.com/subject/26717030/,9.3,剧情,5,,,2022-12-14 17:26:43
3602662721,黑钱胜地 第四季,,https://img2.doubanio.com/view/photo/m_ratio_poster/public/p2829953542.jpg,2022-01-21(美国),https://movie.douban.com/subject/35125277/,8.7,"剧情,犯罪,惊悚",5,,,2022-12-14 17:26:19
3602662595,黑钱胜地 第三季,,https://img9.doubanio.com/view/photo/m_ratio_poster/public/p2589445266.jpg,2020-03-27(美国),https://movie.douban.com/subject/30347315/,8.5,"剧情,犯罪,惊悚",5,,,2022-12-14 17:26:09
3602662477,黑钱胜地 第二季,,https://img9.doubanio.com/view/photo/m_ratio_poster/public/p2532573565.jpg,2018-08-31(美国),https://movie.douban.com/subject/27113985/,8.7,"剧情,犯罪,惊悚",5,,,2022-12-14 17:26:00
3602662349,黑钱胜地 第一季,,https://img2.doubanio.com/view/photo/m_ratio_poster/public/p2492954903.jpg,2017-07-21(美国),https://movie.douban.com/subject/26735549/,8.3,"剧情,犯罪,惊悚",5,,,2022-12-14 17:25:50
3602660336,极品飞车,,https://img2.doubanio.com/view/photo/m_ratio_poster/public/p2172119522.jpg,2014-03-14(中国大陆),https://movie.douban.com/subject/20257326/,7.3,"剧情,动作,犯罪",5,,,2022-12-14 17:23:14
3602660036,飞驰人生,,https://img2.doubanio.com/view/photo/m_ratio_poster/public/p2542973862.jpg,2019-02-05(中国大陆),https://movie.douban.com/subject/30163509/,6.9,喜剧,4,,,2022-12-14 17:22:52
3602659934,头号玩家,,https://img1.doubanio.com/view/photo/m_ratio_poster/public/p2516578307.jpg,2018-03-30(中国大陆),https://movie.douban.com/subject/4920389/,8.7,"动作,科幻,冒险",5,,,2022-12-14 17:22:43
3602659841,湮灭,,https://img1.doubanio.com/view/photo/m_ratio_poster/public/p2516914607.jpg,2018-04-13(中国大陆),https://movie.douban.com/subject/26384741/,7.2,"剧情,科幻,惊悚",5,,,2022-12-14 17:22:35
3602659651,一出好戏,,https://img2.doubanio.com/view/photo/m_ratio_poster/public/p2529571873.jpg,2018-08-10(中国大陆),https://movie.douban.com/subject/26985127/,7.1,"剧情,喜剧",3,,,2022-12-14 17:22:21
3602659480,红海行动,,https://img2.doubanio.com/view/photo/m_ratio_poster/public/p2514119443.jpg,2018-02-16(中国大陆),https://movie.douban.com/subject/26861685/,8.2,"动作,战争",4,,,2022-12-14 17:22:07
3602659311,银翼杀手2049,,https://img1.doubanio.com/view/photo/m_ratio_poster/public/p2501864539.jpg,2017-10-27(中国大陆),https://movie.douban.com/subject/10512661/,8.3,"剧情,动作,科幻",5,,奇幻,2022-12-14 17:21:53
3602659184,降临,,https://img2.doubanio.com/view/photo/m_ratio_poster/public/p2411622421.jpg,2017-01-20(中国大陆),https://movie.douban.com/subject/21324900/,7.8,"剧情,科幻",5,,科幻,2022-12-14 17:21:43
3602659062,乘风破浪,,https://img1.doubanio.com/view/photo/m_ratio_poster/public/p2408407697.jpg,2017-01-28(中国大陆),https://movie.douban.com/subject/26862259/,6.8,"剧情,喜剧",4,,,2022-12-14 17:21:33
3602655964,月球陨落,,https://img1.doubanio.com/view/photo/m_ratio_poster/public/p2869422067.jpg,2022-03-25(中国大陆),https://movie.douban.com/subject/26825482/,5.4,"科幻,灾难",5,,科幻,2022-12-14 17:17:40
3602655772,信条,,https://img1.doubanio.com/view/photo/m_ratio_poster/public/p2612061299.jpg,2020-09-04(中国大陆),https://movie.douban.com/subject/30444960/,7.6,"剧情,动作,科幻",5,,科幻,2022-12-14 17:17:27
3602654128,西部世界 第一季,,https://img2.doubanio.com/view/photo/m_ratio_poster/public/p2403347953.jpg,2016-10-02(美国),https://movie.douban.com/subject/2338055/,8.9,"科幻,西部",5,,,2022-12-14 17:15:25
3602653976,西部世界 第二季,,https://img2.doubanio.com/view/photo/m_ratio_poster/public/p2517077652.jpg,2018-04-22(美国),https://movie.douban.com/subject/26887174/,8.8,"科幻,西部",5,,,2022-12-14 17:15:15
3602653821,西部世界 第三季,,https://img1.doubanio.com/view/photo/m_ratio_poster/public/p2585693570.jpg,2020-03-15(美国),https://movie.douban.com/subject/30206389/,8.2,"剧情,科幻,西部",5,,,2022-12-14 17:15:03
3602653619,西部世界 第四季,,https://img1.doubanio.com/view/photo/m_ratio_poster/public/p2874119367.jpg,2022-06-26(美国),https://movie.douban.com/subject/35042913/,7.9,"剧情,科幻,悬疑",5,,科幻,2022-12-14 17:14:49
3602653332,壮志凌云2：独行侠,,https://img1.doubanio.com/view/photo/m_ratio_poster/public/p2870610648.jpg,2022-05-18(戛纳电影节),https://movie.douban.com/subject/6893932/,8,动作,5,,"感人,感动",2022-12-14 17:14:29
3602276441,子弹列车,,https://img2.doubanio.com/view/photo/m_ratio_poster/public/p2873950053.jpg,2022-08-03(洛迦诺电影节),https://movie.douban.com/subject/35118954/,7.9,"喜剧,动作,惊悚",4,还行吧,,2022-12-14 08:24:02
3591898658,人生切割术 第一季,,https://img1.doubanio.com/view/photo/m_ratio_poster/public/p2870952920.jpg,2022-02-18(美国),https://movie.douban.com/subject/34885342/,9.1,"剧情,科幻,悬疑",5,,,2022-12-05 05:40:04
3591898546,1899,,https://img9.doubanio.com/view/photo/m_ratio_poster/public/p2882110166.jpg,2022-11-17(德国),https://movie.douban.com/subject/30378843/,6.8,"剧情,历史,悬疑",5,,科幻,2022-12-05 05:39:24
3591898516,边缘世界 第一季,,https://img9.doubanio.com/view/photo/m_ratio_poster/public/p2879947754.jpg,2022-10-21(美国),https://movie.douban.com/subject/30198955/,7.8,"剧情,科幻,惊悚",5,,科幻,2022-12-05 05:39:11
3251160640,苍穹浩瀚 第六季,,https://img1.doubanio.com/view/photo/m_ratio_poster/public/p2765867428.jpg,2021-12-10(美国),https://movie.douban.com/subject/35265497/,8.7,"剧情,科幻,悬疑",5,,,2022-02-24 00:28:07
3237465633,兄弟连,,https://img1.doubanio.com/view/photo/m_ratio_poster/public/p1714777727.jpg,2001-09-09(美国),https://movie.douban.com/subject/1307847/,9.6,"剧情,动作,历史",5,,,2022-02-13 20:28:22
3236491073,扬名立万,,https://img1.doubanio.com/view/photo/m_ratio_poster/public/p2881817779.jpg,2021-11-11(中国大陆),https://movie.douban.com/subject/35422807/,7.4,"剧情,喜剧,悬疑",4,,,2022-02-13 02:59:10
3164750891,杰伊·比姆,,https://img9.doubanio.com/view/photo/m_ratio_poster/public/p2734251414.jpg,2021-11-02(印度),https://movie.douban.com/subject/35652715/,8.7,"剧情,犯罪",5,,,2021-12-27 04:02:50
3164116174,不要抬头,,https://img2.doubanio.com/view/photo/m_ratio_poster/public/p2730833093.jpg,2021-12-10(美国),https://movie.douban.com/subject/34884712/,7.6,"喜剧,科幻",5,,,2021-12-26 20:07:47
3158580421,手卷烟,,https://img9.doubanio.com/view/photo/m_ratio_poster/public/p2641615865.jpg,2021-06-17(中国香港),https://movie.douban.com/subject/30159568/,7.1,"剧情,犯罪",4,,,2021-12-23 02:23:10
3158576749,黑客帝国：矩阵重启,,https://img1.doubanio.com/view/photo/m_ratio_poster/public/p2844387600.jpg,2022-01-14(中国大陆),https://movie.douban.com/subject/34801038/,5.7,"动作,科幻",4,,,2021-12-23 02:16:20
3115481877,倒数时刻,,https://img9.doubanio.com/view/photo/m_ratio_poster/public/p2690712224.jpg,2021-11-10(美国电影学会电影节),https://movie.douban.com/subject/30279170/,8.2,"剧情,传记,歌舞",5,,,2021-11-19 23:06:09
3113325927,利刃出鞘,,https://img1.doubanio.com/view/photo/m_ratio_poster/public/p2574172427.jpg,2019-11-29(中国大陆),https://movie.douban.com/subject/30318116/,8.1,"剧情,喜剧,犯罪",5,,,2021-11-18 03:58:05
3110850807,英雄联盟：双城之战 第一季,,https://img9.doubanio.com/view/photo/m_ratio_poster/public/p2714077426.jpg,2021-11-07(中国大陆),https://movie.douban.com/subject/34867871/,9,"动作,科幻,动画",5,,,2021-11-16 02:22:20
3110850758,神偷军团,,https://img2.doubanio.com/view/photo/m_ratio_poster/public/p2704531912.jpg,2021-10-29(美国网络),https://movie.douban.com/subject/35245762/,6.2,"动作,犯罪",3,,,2021-11-16 02:22:13
3110850709,尚气与十环传奇,,https://img2.doubanio.com/view/photo/m_ratio_poster/public/p2674321872.jpg,2021-09-03(美国),https://movie.douban.com/subject/30394797/,6,"动作,科幻,奇幻",4,,,2021-11-16 02:22:07
3110850682,沙丘,,https://img9.doubanio.com/view/photo/m_ratio_poster/public/p2687443734.jpg,2021-10-22(美国/中国大陆),https://movie.douban.com/subject/3001114/,7.7,"剧情,科幻,冒险",5,,,2021-11-16 02:22:02
3110850631,芬奇,,https://img1.doubanio.com/view/photo/m_ratio_poster/public/p2721066869.jpg,2021-11-05(美国),https://movie.douban.com/subject/26897885/,8.4,"剧情,科幻",5,,,2021-11-16 02:21:54
3110850595,红色通缉令,,https://img1.doubanio.com/view/photo/m_ratio_poster/public/p2702918768.jpg,2021-11-12(美国),https://movie.douban.com/subject/30143331/,6.3,"喜剧,动作,犯罪",4,,,2021-11-16 02:21:49
3110850270,007：无暇赴死,,https://img9.doubanio.com/view/photo/m_ratio_poster/public/p2707553644.jpg,2021-10-29(中国大陆),https://movie.douban.com/subject/20276229/,6.6,"动作,惊悚,冒险",4,,,2021-11-16 02:20:59
3051012734,鱿鱼游戏 第一季,,https://img1.doubanio.com/view/photo/m_ratio_poster/public/p2677934359.jpg,2021-09-17(韩国),https://movie.douban.com/subject/34812928/,7.7,"悬疑,惊悚",5,,,2021-09-26 23:54:53
3049937413,唐璜,,https://img1.doubanio.com/view/photo/m_ratio_poster/public/p2163472540.jpg,2013-01-18(圣丹斯电影节),https://movie.douban.com/subject/10482125/,6.3,"剧情,喜剧,爱情",5,,,2021-09-26 00:38:26
3049936247,超体,,https://img9.doubanio.com/view/photo/m_ratio_poster/public/p2201909284.jpg,2014-10-24(中国大陆),https://movie.douban.com/subject/24404677/,7.4,"动作,科幻",5,,,2021-09-26 00:37:21
3049936066,攻壳机动队,,https://img1.doubanio.com/view/photo/m_ratio_poster/public/p2453176400.jpg,2017-04-07(中国大陆),https://movie.douban.com/subject/25818101/,6.4,"动作,科幻,犯罪",5,,,2021-09-26 00:37:10
3049934873,羞耻,,https://img1.doubanio.com/view/photo/m_ratio_poster/public/p1499701469.jpg,2011-09-04(威尼斯电影节),https://movie.douban.com/subject/5360890/,7.3,"剧情,情色",4,,,2021-09-26 00:36:08
3049933105,良医 第五季,,https://img2.doubanio.com/view/photo/m_ratio_poster/public/p2694640891.jpg,2021-09-27(美国),https://movie.douban.com/subject/35451920/,8.6,剧情,5,,,2021-09-26 00:34:37
3049932989,未知电视剧,,https://img2.doubanio.com/f/frodo/568eb8fac54d39fe599b0de8c3f2aee1dbc43cf0/pics/subject/tv_large.jpg,,https://movie.douban.com/subject/34965846/,0,,5,,,2021-09-26 00:34:31
3049932872,良医 第三季,,https://img1.doubanio.com/view/photo/m_ratio_poster/public/p2688312829.jpg,2019-09-23(美国),https://movie.douban.com/subject/30454230/,8.2,剧情,5,,,2021-09-26 00:34:24
3049932724,良医 第二季,,https://img2.doubanio.com/view/photo/m_ratio_poster/public/p2534004692.jpg,2018-09-24(美国),https://movie.douban.com/subject/30163504/,9.1,剧情,5,,,2021-09-26 00:34:16
3049932034,越狱 第五季,,https://img1.doubanio.com/view/photo/m_ratio_poster/public/p2444271068.jpg,2017-04-04(美国),https://movie.douban.com/subject/26416957/,8.2,"剧情,动作,犯罪",5,,,2021-09-26 00:33:39
3049931870,越狱  第四季,,https://img2.doubanio.com/view/photo/m_ratio_poster/public/p2201761861.jpg,2008-09-01(美国),https://movie.douban.com/subject/3197006/,8,"动作,犯罪,剧情",5,,,2021-09-26 00:33:30
3049931675,越狱  第三季,,https://img9.doubanio.com/view/photo/m_ratio_poster/public/p2201756015.jpg,2007-09-17(美国),https://movie.douban.com/subject/2253613/,7.9,"剧情,动作,惊悚",5,,,2021-09-26 00:33:20
3049931416,越狱  第二季,,https://img1.doubanio.com/view/photo/m_ratio_poster/public/p2201755957.jpg,2006-08-21(美国),https://movie.douban.com/subject/1876781/,8.7,"冒险,犯罪,剧情",5,,,2021-09-26 00:33:06
3049930782,权力的游戏 第八季,,https://img9.doubanio.com/view/photo/m_ratio_poster/public/p2553679104.jpg,2019-04-14(美国),https://movie.douban.com/subject/26584183/,6.1,"剧情,奇幻,冒险",4,,,2021-09-26 00:32:33
3049930619,权力的游戏 第七季,,https://img1.doubanio.com/view/photo/m_ratio_poster/public/p2462245619.jpg,2017-07-16(美国),https://movie.douban.com/subject/26235354/,9.2,"剧情,奇幻,冒险",5,,,2021-09-26 00:32:23
3049930398,权力的游戏 第六季,,https://img1.doubanio.com/view/photo/m_ratio_poster/public/p2321971908.jpg,2016-04-24(美国),https://movie.douban.com/subject/25862357/,9.5,"剧情,战争,奇幻",5,,,2021-09-26 00:32:12
3049930233,权力的游戏 第五季,,https://img2.doubanio.com/view/photo/m_ratio_poster/public/p2230256732.jpg,2015-04-12(美国),https://movie.douban.com/subject/25826612/,9.4,"剧情,奇幻,冒险",5,,,2021-09-26 00:32:03
3049930055,权力的游戏 第四季,,https://img1.doubanio.com/view/photo/m_ratio_poster/public/p2172313849.jpg,2014-04-06(美国),https://movie.douban.com/subject/23232876/,9.6,"剧情,奇幻,冒险",5,,,2021-09-26 00:31:53
3049929843,权力的游戏 第三季,,https://img2.doubanio.com/view/photo/m_ratio_poster/public/p1884199062.jpg,2013-03-31(美国),https://movie.douban.com/subject/10590706/,9.5,"剧情,奇幻,冒险",5,,,2021-09-26 00:31:44
3049929679,权力的游戏  第二季,,https://img1.doubanio.com/view/photo/m_ratio_poster/public/p1441478479.jpg,2012-04-01(美国),https://movie.douban.com/subject/6558062/,9.5,"剧情,奇幻,冒险",5,,,2021-09-26 00:31:34
3049929371,绝命毒师  第五季,,https://img2.doubanio.com/view/photo/m_ratio_poster/public/p1579021082.jpg,2012-07-15(美国),https://movie.douban.com/subject/6952149/,9.7,"剧情,犯罪",5,,,2021-09-26 00:31:17
3049929180,绝命毒师  第四季,,https://img2.doubanio.com/view/photo/m_ratio_poster/public/p2016506391.jpg,2011-07-17(美国),https://movie.douban.com/subject/4927382/,9.5,"犯罪,剧情",5,,,2021-09-26 00:31:08
3049928281,绝命毒师  第三季,,https://img1.doubanio.com/view/photo/m_ratio_poster/public/p1674838460.jpg,2010-03-21(美国),https://movie.douban.com/subject/4256328/,9.3,"犯罪,剧情",5,,,2021-09-26 00:30:19
3049928107,绝命毒师  第二季,,https://img9.doubanio.com/view/photo/m_ratio_poster/public/p2016505705.jpg,2009-03-08(美国),https://movie.douban.com/subject/3586996/,9.3,"犯罪,剧情",5,,,2021-09-26 00:30:09
3049927505,风骚律师 第五季,,https://img1.doubanio.com/view/photo/m_ratio_poster/public/p2580304539.jpg,2020-02-23(美国),https://movie.douban.com/subject/30285826/,9.7,"剧情,犯罪",5,,,2021-09-26 00:29:38
3049927315,风骚律师 第四季,,https://img2.doubanio.com/view/photo/m_ratio_poster/public/p2526785183.jpg,2018-08-06(美国),https://movie.douban.com/subject/27077785/,9.5,"剧情,犯罪",5,,,2021-09-26 00:29:28
3049927168,风骚律师 第三季,,https://img2.doubanio.com/view/photo/m_ratio_poster/public/p2442801582.jpg,2017-04-10(美国),https://movie.douban.com/subject/26748847/,9.6,"剧情,犯罪",5,,,2021-09-26 00:29:19
3049926524,风骚律师 第二季,,https://img9.doubanio.com/view/photo/m_ratio_poster/public/p2305158254.jpg,2016-02-15(美国),https://movie.douban.com/subject/25976733/,9.5,"剧情,犯罪",5,,,2021-09-26 00:28:48
3049926230,弥留之国的爱丽丝 第一季,,https://img2.doubanio.com/view/photo/m_ratio_poster/public/p2624050592.jpg,2020-12-10(日本),https://movie.douban.com/subject/34477588/,8,"动作,科幻,悬疑",5,,,2021-09-26 00:28:33
3049926003,风骚律师 第一季,,https://img1.doubanio.com/view/photo/m_ratio_poster/public/p2218944919.jpg,2015-02-08(美国),https://movie.douban.com/subject/25726259/,9.3,"剧情,喜剧,犯罪",5,,,2021-09-26 00:28:23
3049925814,亿万 第一季,,https://img9.doubanio.com/view/photo/m_ratio_poster/public/p2275471226.jpg,2016-01-17(美国),https://movie.douban.com/subject/26200198/,8.9,剧情,5,,,2021-09-26 00:28:12
3049925597,绝命毒师 第一季,,https://img1.doubanio.com/view/photo/m_ratio_poster/public/p2153214457.jpg,2008-01-20(美国),https://movie.douban.com/subject/2373195/,9.2,"犯罪,剧情",5,,,2021-09-26 00:28:01
3049925405,权力的游戏 第一季,,https://img1.doubanio.com/view/photo/m_ratio_poster/public/p896064368.jpg,2011-04-17(美国),https://movie.douban.com/subject/3016187/,9.5,"剧情,奇幻,冒险",5,,,2021-09-26 00:27:50
3049924860,异星灾变 第一季,,https://img2.doubanio.com/view/photo/m_ratio_poster/public/p2616308032.jpg,2020-09-03(美国),https://movie.douban.com/subject/30345691/,8.1,"剧情,科幻",5,,,2021-09-26 00:27:22
3049924606,后翼弃兵,,https://img9.doubanio.com/view/photo/m_ratio_poster/public/p2621201524.jpg,2020-10-23(美国),https://movie.douban.com/subject/32579283/,9,剧情,5,,,2021-09-26 00:27:08
3049924020,爱，死亡和机器人 第二季,,https://img2.doubanio.com/view/photo/m_ratio_poster/public/p2641221021.jpg,2021-05-14(美国),https://movie.douban.com/subject/34418203/,6.8,"喜剧,科幻,动画",5,,,2021-09-26 00:26:39
3049923827,爱，死亡和机器人 第一季,,https://img1.doubanio.com/view/photo/m_ratio_poster/public/p2551717438.jpg,2019-03-15(美国),https://movie.douban.com/subject/30424374/,9.2,"喜剧,科幻,动画",5,,,2021-09-26 00:26:30
3049923589,无罪之最,,https://img1.doubanio.com/view/photo/m_ratio_poster/public/p2639035790.jpg,2021-04-30(西班牙),https://movie.douban.com/subject/34926405/,8.5,"剧情,犯罪,悬疑",5,,,2021-09-26 00:26:17
3049922218,22英里,,https://img9.doubanio.com/view/photo/m_ratio_poster/public/p2520254064.jpg,2018-08-17(美国),https://movie.douban.com/subject/26437223/,6.9,"动作,犯罪,冒险",4,,,2021-09-26 00:25:09
3049920585,凯特,,https://img2.doubanio.com/view/photo/m_ratio_poster/public/p2675197481.jpg,2021-09-10(美国网络),https://movie.douban.com/subject/27177908/,6.3,"动作,犯罪,惊悚",5,,,2021-09-26 00:23:42
3049920225,发掘,,https://img2.doubanio.com/view/photo/m_ratio_poster/public/p2627529751.jpg,2021-01-29(英国网络),https://movie.douban.com/subject/25862300/,7.9,"剧情,传记,历史",5,,,2021-09-26 00:23:22
3049919856,失控玩家,,https://img9.doubanio.com/view/photo/m_ratio_poster/public/p2677520025.jpg,2021-08-27(中国大陆),https://movie.douban.com/subject/30337388/,7.5,"喜剧,动作,科幻",5,,,2021-09-26 00:23:01
2955489853,黑寡妇,,https://img1.doubanio.com/view/photo/m_ratio_poster/public/p2665872718.jpg,2021-07-07(中国香港),https://movie.douban.com/subject/25828589/,6.2,"动作,科幻,冒险",5,,黑寡妇,2021-07-16 02:25:38
2784760387,猫和老鼠,,https://img1.doubanio.com/view/photo/m_ratio_poster/public/p2632043260.jpg,2021-02-26(美国/中国大陆),https://movie.douban.com/subject/3439312/,5.2,"喜剧,动画,冒险",4,,,2021-03-11 18:02:31
2784758964,无依之地,,https://img1.doubanio.com/view/photo/m_ratio_poster/public/p2630453887.jpg,2020-09-11(威尼斯电影节),https://movie.douban.com/subject/30458949/,8.1,剧情,5,,,2021-03-11 18:01:00
2719455688,良医 第一季,,https://img1.doubanio.com/view/photo/m_ratio_poster/public/p2496064819.jpg,2017-09-25(美国),https://movie.douban.com/subject/26888731/,9.2,剧情,5,,,2021-02-01 16:37:12
2718849525,除暴,,https://img1.doubanio.com/view/photo/m_ratio_poster/public/p2625777429.jpg,2020-11-20(中国大陆),https://movie.douban.com/subject/30373723/,6.1,"剧情,动作,犯罪",3,,,2021-02-01 05:42:00
2390232215,浪人,,https://img2.doubanio.com/view/photo/m_ratio_poster/public/p961406562.jpg,1998-09-25,https://movie.douban.com/subject/1295527/,7.6,"动作,犯罪,惊悚",5,,经典,2020-05-19 21:19:40
2370538829,功夫,,https://img1.doubanio.com/view/photo/m_ratio_poster/public/p2219011938.jpg,2004-12-23(中国大陆),https://movie.douban.com/subject/1291543/,8.8,"动作,喜剧,犯罪",5,,经典,2020-05-04 04:38:38
2370538652,蝙蝠侠：黑暗骑士崛起,,https://img9.doubanio.com/view/photo/m_ratio_poster/public/p1706428744.jpg,2012-08-27(中国大陆),https://movie.douban.com/subject/3395373/,8.8,"剧情,动作,科幻",5,,感动,2020-05-04 04:37:48
2370538457,心灵捕手,,https://img9.doubanio.com/view/photo/m_ratio_poster/public/p480965695.jpg,1997-12-05(美国),https://movie.douban.com/subject/1292656/,8.9,剧情,5,,感动,2020-05-04 04:36:49
2370538266,猫鼠游戏,,https://img2.doubanio.com/view/photo/m_ratio_poster/public/p453924541.jpg,2003-04-11(中国大陆),https://movie.douban.com/subject/1305487/,9.1,"传记,犯罪,剧情",5,,经典,2020-05-04 04:36:01
2370537511,哈利·波特与魔法石,,https://img9.doubanio.com/view/photo/m_ratio_poster/public/p2614949805.jpg,2002-01-26(中国大陆),https://movie.douban.com/subject/1295038/,9.2,"奇幻,冒险",4,,奇幻,2020-05-04 04:32:05
2370537486,我不是药神,,https://img9.doubanio.com/view/photo/m_ratio_poster/public/p2561305376.jpg,2018-07-05(中国大陆),https://movie.douban.com/subject/26752088/,9,"剧情,喜剧",4,,经典,2020-05-04 04:31:58
2370537261,当幸福来敲门,,https://img9.doubanio.com/view/photo/m_ratio_poster/public/p2614359276.jpg,2008-01-17(中国大陆),https://movie.douban.com/subject/1849031/,9.2,"剧情,传记,家庭",,,"感人,经典",2020-05-04 04:30:58
2369146524,枪火,,https://img2.doubanio.com/view/photo/m_ratio_poster/public/p1538646661.jpg,1999-11-19(中国香港),https://movie.douban.com/subject/1300741/,8.8,"剧情,动作,犯罪",5,,经典,2020-05-03 04:11:10
2360544441,赌王之王,,https://img9.doubanio.com/view/photo/m_ratio_poster/public/p769894916.jpg,1998-09-11(美国),https://movie.douban.com/subject/1293090/,7.5,"犯罪,剧情",5,,,2020-04-26 21:02:34
2315391370,可口VS百事：可乐之战,,https://img9.doubanio.com/view/photo/m_ratio_poster/public/p2592737494.jpg,2019-08-18(美国),https://movie.douban.com/subject/34800733/,6.6,纪录片,5,"只喝百事可乐。
罐装，4摄氏度，一口气喝完。温度不对，口感就不一样，放久一点，气泡会跑掉。
可口可乐虽然含糖少一点，但喝起来更像糖水。",纪录片,2020-03-30 05:05:09
2294211658,我，机器人,,https://img9.doubanio.com/view/photo/m_ratio_poster/public/p691069814.jpg,2004-07-16(美国),https://movie.douban.com/subject/1308843/,8.2,"动作,悬疑,科幻",5,,,2020-03-18 19:36:15
2294209394,千钧一发,,https://img9.doubanio.com/view/photo/m_ratio_poster/public/p2195672555.jpg,1997-10-24(美国),https://movie.douban.com/subject/1300117/,8.8,"剧情,科幻,惊悚",5,,,2020-03-18 19:34:42
2258470049,月球,,https://img9.doubanio.com/view/photo/m_ratio_poster/public/p449399746.jpg,2009-07-10(美国),https://movie.douban.com/subject/3073124/,8.5,"剧情,科幻,悬疑",5,故事才是一部电影的核心,科幻,2020-03-03 15:13:49
2258467112,寄生虫,,https://img1.doubanio.com/view/photo/m_ratio_poster/public/p2561439800.jpg,2019-05-21(戛纳电影节),https://movie.douban.com/subject/27010768/,8.8,剧情,4,故事性不错,,2020-03-03 15:12:45
2258464950,灭绝,,https://img1.doubanio.com/view/photo/m_ratio_poster/public/p2579512247.jpg,2020-01-18(中国大陆),https://movie.douban.com/subject/26871938/,5.5,"科幻,惊悚",3,不够硬,科幻,2020-03-03 15:12:01
2138988358,极速车王,,https://img2.doubanio.com/view/photo/m_ratio_poster/public/p2568792942.jpg,2020-08-07(中国大陆),https://movie.douban.com/subject/6538866/,8.5,"剧情,传记,运动",,,体育,2020-01-17 03:06:16
1680133112,流浪地球,,https://img2.doubanio.com/view/photo/m_ratio_poster/public/p2545472803.jpg,2019-02-05(中国大陆),https://movie.douban.com/subject/26266893/,7.9,"科幻,冒险,灾难",5,经典,科幻,2019-02-17 14:43:20
1464272802,碟中谍6：全面瓦解,,https://img9.doubanio.com/view/photo/m_ratio_poster/public/p2529365085.jpg,2018-08-31(中国大陆),https://movie.douban.com/subject/26336252/,8.1,"动作,惊悚,冒险",,,,2018-09-10 08:27:07
1464269347,穆赫兰道,,https://img2.doubanio.com/view/photo/m_ratio_poster/public/p792248233.jpg,2001-05-16(戛纳电影节),https://movie.douban.com/subject/1292217/,8.4,"剧情,悬疑,惊悚",,,,2018-09-10 08:17:37
1464269315,黑鹰坠落,,https://img1.doubanio.com/view/photo/m_ratio_poster/public/p1910900710.jpg,2001-12-18(美国),https://movie.douban.com/subject/1291824/,8.7,"动作,历史,战争",,,,2018-09-10 08:17:31
1464269211,国王的演讲,,https://img1.doubanio.com/view/photo/m_ratio_poster/public/p768879237.jpg,2012-02-24(中国大陆),https://movie.douban.com/subject/4023638/,8.4,"剧情,传记,历史",,,,2018-09-10 08:17:11
1464269135,彗星来的那一夜,,https://img9.doubanio.com/view/photo/m_ratio_poster/public/p2187896734.jpg,2013-09-19(奇幻电影节),https://movie.douban.com/subject/25807345/,8.5,"科幻,悬疑,惊悚",,,,2018-09-10 08:16:56
1464268910,疯狂的石头,,https://img2.doubanio.com/view/photo/m_ratio_poster/public/p712241453.jpg,2006-06-30(中国大陆),https://movie.douban.com/subject/1862151/,8.6,"喜剧,犯罪",,,,2018-09-10 08:16:15
1464268689,初恋这件小事,,https://img2.doubanio.com/view/photo/m_ratio_poster/public/p1505312273.jpg,2012-06-05(中国大陆),https://movie.douban.com/subject/4739952/,8.5,"剧情,喜剧,爱情",,,,2018-09-10 08:15:37
1464268579,终结者2：审判日,,https://img9.doubanio.com/view/photo/m_ratio_poster/public/p1910909085.jpg,1991-07-03(美国),https://movie.douban.com/subject/1291844/,8.8,"动作,科幻",,,,2018-09-10 08:15:22
1464268360,源代码,,https://img9.doubanio.com/view/photo/m_ratio_poster/public/p988260245.jpg,2011-08-30(中国大陆),https://movie.douban.com/subject/3075287/,8.5,"科幻,悬疑,惊悚",,,,2018-09-10 08:14:47
1464268327,新龙门客栈,,https://img1.doubanio.com/view/photo/m_ratio_poster/public/p1421018669.jpg,2012-02-24(中国大陆),https://movie.douban.com/subject/1292287/,8.7,"动作,爱情,武侠",,,,2018-09-10 08:14:41
1464268234,黑客帝国3：矩阵革命,,https://img1.doubanio.com/view/photo/m_ratio_poster/public/p443461818.jpg,2003-11-05(中国大陆),https://movie.douban.com/subject/1302467/,8.8,"动作,科幻",,,,2018-09-10 08:14:26
1464268107,谍影重重2,,https://img9.doubanio.com/view/photo/m_ratio_poster/public/p667644866.jpg,2004-11-14(中国大陆),https://movie.douban.com/subject/1308767/,8.7,"动作,悬疑,惊悚",,,,2018-09-10 08:14:01
1464268026,谍影重重,,https://img2.doubanio.com/view/photo/m_ratio_poster/public/p1597183981.jpg,2002-11-21(中国大陆),https://movie.douban.com/subject/1304102/,8.6,"动作,悬疑,惊悚",,,,2018-09-10 08:13:46
1464267505,撞车,,https://img1.doubanio.com/view/photo/m_ratio_poster/public/p2075132390.jpg,2004-09-10(多伦多电影节),https://movie.douban.com/subject/1388216/,8.6,"犯罪,剧情",,,,2018-09-10 08:12:11
1464266507,一次别离,,https://img9.doubanio.com/view/photo/m_ratio_poster/public/p2189835254.jpg,2012-11-13(中国大陆),https://movie.douban.com/subject/5964718/,8.8,"剧情,家庭",,,,2018-09-10 08:09:08
1464266479,恐怖游轮,,https://img9.doubanio.com/view/photo/m_ratio_poster/public/p462470694.jpg,2009-10-16(英国),https://movie.douban.com/subject/3011051/,8.5,"剧情,悬疑,惊悚",,,,2018-09-10 08:09:05
1464265936,纵横四海,,https://img1.doubanio.com/view/photo/m_ratio_poster/public/p2597918718.jpg,1991-02-02(中国香港),https://movie.douban.com/subject/1295409/,8.8,"剧情,喜剧,动作",,,,2018-09-10 08:07:29
1464265818,教父3,,https://img2.doubanio.com/view/photo/m_ratio_poster/public/p2169664351.jpg,1990-12-25(美国),https://movie.douban.com/subject/1294240/,9,"剧情,犯罪",,,,2018-09-10 08:07:21
1464265561,唐伯虎点秋香,,https://img9.doubanio.com/view/photo/m_ratio_poster/public/p2357915564.jpg,1993-07-01(中国香港),https://movie.douban.com/subject/1306249/,8.7,"喜剧,爱情,古装",,,,2018-09-10 08:07:12
1464265211,英雄本色,,https://img1.doubanio.com/view/photo/m_ratio_poster/public/p2504997087.jpg,2017-11-17(中国大陆),https://movie.douban.com/subject/1297574/,8.6,"剧情,动作,犯罪",,,,2018-09-10 08:06:14
1464265163,哈利·波特与死亡圣器(下),,https://img2.doubanio.com/view/photo/m_ratio_poster/public/p917846733.jpg,2011-08-04(中国大陆),https://movie.douban.com/subject/3011235/,9,"奇幻,冒险",,,,2018-09-10 08:06:08
1464264741,记忆碎片,,https://img2.doubanio.com/view/photo/m_ratio_poster/public/p641688453.jpg,2000-09-05(威尼斯电影节),https://movie.douban.com/subject/1304447/,8.7,"犯罪,剧情,悬疑",,,,2018-09-10 08:05:37
1464264651,东邪西毒,,https://img2.doubanio.com/view/photo/m_ratio_poster/public/p1982176012.jpg,1994-09-17(中国大陆),https://movie.douban.com/subject/1292328/,8.6,"剧情,动作,爱情",,,,2018-09-10 08:05:32
1464264510,电锯惊魂,,https://img9.doubanio.com/view/photo/m_ratio_poster/public/p726839485.jpg,2004-01-19(圣丹斯电影节),https://movie.douban.com/subject/1417598/,8.8,"悬疑,惊悚,恐怖",,,,2018-09-10 08:05:25
1464264369,贫民窟的百万富翁,,https://img1.doubanio.com/view/photo/m_ratio_poster/public/p2434249040.jpg,2009-03-26(中国大陆),https://movie.douban.com/subject/2209573/,8.6,"剧情,爱情",,,,2018-09-10 08:05:17
1464264216,谍影重重3,,https://img1.doubanio.com/view/photo/m_ratio_poster/public/p792223507.jpg,2007-11-15(中国大陆),https://movie.douban.com/subject/1578507/,8.8,"动作,悬疑,惊悚",,,,2018-09-10 08:05:06
1464264037,喜剧之王,,https://img1.doubanio.com/view/photo/m_ratio_poster/public/p2579932167.jpg,1999-02-13(中国香港),https://movie.douban.com/subject/1302425/,8.8,"喜剧,剧情,爱情",,,,2018-09-10 08:04:31
1464263926,倩女幽魂,,https://img9.doubanio.com/view/photo/m_ratio_poster/public/p2414157745.jpg,2011-04-30(中国大陆),https://movie.douban.com/subject/1297447/,8.8,"爱情,奇幻,武侠",,,,2018-09-10 08:04:10
1464263899,消失的爱人,,https://img9.doubanio.com/view/photo/m_ratio_poster/public/p2221768894.jpg,2014-09-26(纽约电影节),https://movie.douban.com/subject/21318488/,8.7,"剧情,犯罪,悬疑",,,,2018-09-10 08:04:05
1464263332,摩登时代,,https://img1.doubanio.com/view/photo/m_ratio_poster/public/p2263408369.jpg,1936-02-25(美国),https://movie.douban.com/subject/1294371/,9.3,"剧情,喜剧,爱情",,,,2018-09-10 08:02:22
1464263254,射雕英雄传之东成西就,,https://img9.doubanio.com/view/photo/m_ratio_poster/public/p2609063925.jpg,1993-02-05(中国香港),https://movie.douban.com/subject/1316510/,8.7,"喜剧,奇幻,武侠",,,,2018-09-10 08:02:07
1464263242,甜蜜蜜,,https://img9.doubanio.com/view/photo/m_ratio_poster/public/p2223011274.jpg,2015-02-13(中国大陆),https://movie.douban.com/subject/1305164/,8.9,"剧情,爱情",,,,2018-09-10 08:02:04
1464263225,告白,,https://img9.doubanio.com/view/photo/m_ratio_poster/public/p689520756.jpg,2010-06-05(日本),https://movie.douban.com/subject/4268598/,8.8,"剧情,悬疑",,,,2018-09-10 08:02:00
1464263208,加勒比海盗,,https://img9.doubanio.com/view/photo/m_ratio_poster/public/p1596085504.jpg,2003-11-21(中国大陆),https://movie.douban.com/subject/1298070/,8.8,"动作,冒险,奇幻",,,,2018-09-10 08:01:57
1464263169,断背山,,https://img1.doubanio.com/view/photo/m_ratio_poster/public/p2604889017.jpg,2005-09-02(威尼斯电影节),https://movie.douban.com/subject/1418834/,8.8,"剧情,爱情,同性",,,,2018-09-10 08:01:45
1464263153,致命ID,,https://img9.doubanio.com/view/photo/m_ratio_poster/public/p2558364386.jpg,2003-04-25(美国),https://movie.douban.com/subject/1297192/,8.8,"剧情,悬疑,惊悚",,,,2018-09-10 08:01:42
1464262979,蝴蝶效应,,https://img1.doubanio.com/view/photo/m_ratio_poster/public/p2209066019.jpg,2004-01-23(美国),https://movie.douban.com/subject/1292343/,8.9,"剧情,悬疑,科幻",,,,2018-09-10 08:01:08
1464262849,看不见的客人,,https://img9.doubanio.com/view/photo/m_ratio_poster/public/p2498971355.jpg,2017-09-15(中国大陆),https://movie.douban.com/subject/26580232/,8.8,"剧情,犯罪,悬疑",,,,2018-09-10 08:00:44
1464262797,拯救大兵瑞恩,,https://img9.doubanio.com/view/photo/m_ratio_poster/public/p1014542496.jpg,1998-11-13(中国大陆),https://movie.douban.com/subject/1292849/,9.1,"剧情,战争",,,,2018-09-10 08:00:30
1464262783,黑客帝国,,https://img1.doubanio.com/view/photo/m_ratio_poster/public/p451926968.jpg,2000-01-14(中国大陆),https://movie.douban.com/subject/1291843/,9.1,"动作,科幻",,,,2018-09-10 08:00:27
1464262751,让子弹飞,,https://img1.doubanio.com/view/photo/m_ratio_poster/public/p1512562287.jpg,2010-12-16(中国大陆),https://movie.douban.com/subject/3742360/,9,"剧情,喜剧,动作",,,,2018-09-10 08:00:22
1464262572,本杰明·巴顿奇事,,https://img2.doubanio.com/view/photo/m_ratio_poster/public/p2192535722.jpg,2008-12-25(美国),https://movie.douban.com/subject/1485260/,9,"剧情,爱情,奇幻",,,,2018-09-10 07:59:47
1464262512,致命魔术,,https://img9.doubanio.com/view/photo/m_ratio_poster/public/p480383375.jpg,2006-10-17(罗马电影节),https://movie.douban.com/subject/1780330/,8.9,"剧情,悬疑,惊悚",,,,2018-09-10 07:59:37
1464262471,七宗罪,,https://img9.doubanio.com/view/photo/m_ratio_poster/public/p2219586434.jpg,1995-09-22(美国),https://movie.douban.com/subject/1292223/,8.8,"剧情,犯罪,悬疑",,,,2018-09-10 07:59:28
1464262296,指环王1：护戒使者,,https://img9.doubanio.com/view/photo/m_ratio_poster/public/p2373910134.jpg,2002-04-04(中国大陆),https://movie.douban.com/subject/1291571/,9.1,"剧情,动作,奇幻",,,,2018-09-10 07:58:55
1464262278,指环王2：双塔奇兵,,https://img9.doubanio.com/view/photo/m_ratio_poster/public/p2640236255.jpg,2003-04-25(中国大陆),https://movie.douban.com/subject/1291572/,9.2,"剧情,动作,奇幻",,,,2018-09-10 07:58:51
1464262261,教父2,,https://img1.doubanio.com/view/photo/m_ratio_poster/public/p2194138787.jpg,1974-12-12(纽约首映),https://movie.douban.com/subject/1299131/,9.3,"剧情,犯罪",,,,2018-09-10 07:58:47
1464262232,未知电影,,https://img2.doubanio.com/f/frodo/753fa1e93c945e533e52dddab73b2b55a1083083/pics/subject/movie_large.jpg,,https://movie.douban.com/subject/1309046/,0,,,,,2018-09-10 07:58:40
1464262219,摔跤吧！爸爸,,https://img1.doubanio.com/view/photo/m_ratio_poster/public/p2401676338.jpg,2017-05-05(中国大陆),https://movie.douban.com/subject/26387939/,9,"剧情,传记,运动",,,,2018-09-10 07:58:38
1464262121,窃听风暴,,https://img1.doubanio.com/view/photo/m_ratio_poster/public/p1808872109.jpg,2006-03-23(德国),https://movie.douban.com/subject/1900841/,9.2,"剧情,悬疑",,,,2018-09-10 07:58:17
1464262099,大话西游之月光宝盒,,https://img2.doubanio.com/view/photo/m_ratio_poster/public/p2561721372.jpg,2014-10-24(中国大陆),https://movie.douban.com/subject/1299398/,9,"喜剧,爱情,奇幻",,,,2018-09-10 07:58:13
1464262033,搏击俱乐部,,https://img1.doubanio.com/view/photo/m_ratio_poster/public/p1910926158.jpg,1999-09-10(威尼斯电影节),https://movie.douban.com/subject/1292000/,9,"剧情,动作,悬疑",,,,2018-09-10 07:58:01
1464262018,指环王3：王者无敌,,https://img2.doubanio.com/view/photo/m_ratio_poster/public/p2642829472.jpg,2004-03-12(中国大陆),https://movie.douban.com/subject/1291552/,9.3,"剧情,动作,奇幻",,,,2018-09-10 07:57:59
1464262006,少年派的奇幻漂流,,https://img2.doubanio.com/view/photo/m_ratio_poster/public/p1784592701.jpg,2012-11-22(中国大陆),https://movie.douban.com/subject/1929463/,9.1,"剧情,奇幻,冒险",,,,2018-09-10 07:57:56
1464261943,十二怒汉,,https://img2.doubanio.com/view/photo/m_ratio_poster/public/p2173577632.jpg,1957-04-13(美国),https://movie.douban.com/subject/1293182/,9.4,剧情,,,,2018-09-10 07:57:44
1464261912,蝙蝠侠：黑暗骑士,,https://img2.doubanio.com/view/photo/m_ratio_poster/public/p462657443.jpg,2008-07-14(纽约首映),https://movie.douban.com/subject/1851857/,9.2,"剧情,动作,科幻",,,,2018-09-10 07:57:36
1464261857,怦然心动,,https://img1.doubanio.com/view/photo/m_ratio_poster/public/p501177648.jpg,2010-07-26(好莱坞首映),https://movie.douban.com/subject/3319755/,9.1,"剧情,喜剧,爱情",,,,2018-09-10 07:57:23
1464261796,无间道,,https://img2.doubanio.com/view/photo/m_ratio_poster/public/p2564556863.jpg,2003-09-05(中国大陆),https://movie.douban.com/subject/1307914/,9.3,"剧情,犯罪,惊悚",,,,2018-09-10 07:57:08
1464261765,星际穿越,,https://img1.doubanio.com/view/photo/m_ratio_poster/public/p2614988097.jpg,2014-11-12(中国大陆),https://movie.douban.com/subject/1889243/,9.4,"剧情,科幻,冒险",,,,2018-09-10 07:57:02
1464261745,教父,,https://img9.doubanio.com/view/photo/m_ratio_poster/public/p616779645.jpg,1972-03-15(纽约首映),https://movie.douban.com/subject/1291841/,9.3,"剧情,犯罪",,,,2018-09-10 07:56:58
1464261734,楚门的世界,,https://img2.doubanio.com/view/photo/m_ratio_poster/public/p479682972.jpg,1998-06-05(美国),https://movie.douban.com/subject/1292064/,9.4,"剧情,科幻",,,,2018-09-10 07:56:56
1464261705,大话西游之大圣娶亲,,https://img9.doubanio.com/view/photo/m_ratio_poster/public/p2455050536.jpg,2014-10-24(中国大陆),https://movie.douban.com/subject/1292213/,9.2,"喜剧,爱情,奇幻",,,,2018-09-10 07:56:49
1464261669,海上钢琴师,,https://img9.doubanio.com/view/photo/m_ratio_poster/public/p2574551676.jpg,2019-11-15(中国大陆),https://movie.douban.com/subject/1292001/,9.3,"剧情,音乐",,,,2018-09-10 07:56:44
1464261650,三傻大闹宝莱坞,,https://img2.doubanio.com/view/photo/m_ratio_poster/public/p579729551.jpg,2011-12-08(中国大陆),https://movie.douban.com/subject/3793023/,9.2,"剧情,喜剧,爱情",,,,2018-09-10 07:56:41
1464261577,泰坦尼克号,,https://img9.doubanio.com/view/photo/m_ratio_poster/public/p457760035.jpg,1998-04-03(中国大陆),https://movie.douban.com/subject/1292722/,9.5,"剧情,爱情,灾难",,,,2018-09-10 07:56:24
1464261546,这个杀手不太冷,,https://img2.doubanio.com/view/photo/m_ratio_poster/public/p511118051.jpg,1994-09-14(法国),https://movie.douban.com/subject/1295644/,9.4,"剧情,动作,犯罪",,,,2018-09-10 07:56:18
1464261506,肖申克的救赎,,https://img2.doubanio.com/view/photo/m_ratio_poster/public/p480747492.jpg,1994-09-10(多伦多电影节),https://movie.douban.com/subject/1292052/,9.7,"犯罪,剧情",,,,2018-09-10 07:56:11
1464261480,三块广告牌,,https://img1.doubanio.com/view/photo/m_ratio_poster/public/p2510081688.jpg,2018-03-02(中国大陆),https://movie.douban.com/subject/26611804/,8.7,"剧情,犯罪",,,,2018-09-10 07:56:04
1005363658,功夫熊猫3,,https://img1.doubanio.com/view/photo/m_ratio_poster/public/p2306653420.jpg,2016-01-29(中国大陆),https://movie.douban.com/subject/11589036/,7.7,"喜剧,动作,动画",5,,,2016-01-29 15:31:10
1005361568,未知电影,,https://img2.doubanio.com/f/frodo/753fa1e93c945e533e52dddab73b2b55a1083083/pics/subject/movie_large.jpg,,https://movie.douban.com/subject/6778440/,0,,5,,感人,2016-01-29 15:24:51
1005358637,西游记之大闹天宫,,https://img9.doubanio.com/view/photo/m_ratio_poster/public/p2166490265.jpg,2014-01-31(中国大陆),https://movie.douban.com/subject/5317291/,4.3,"动作,奇幻",1,,烂片,2016-01-29 15:16:50
811469084,后会无期,,https://img9.doubanio.com/view/photo/m_ratio_poster/public/p2195469915.jpg,2014-07-24(中国大陆),https://movie.douban.com/subject/25805741/,7.2,剧情,5,,,2014-05-30 01:15:07
788492449,时光钟摆,,https://img2.doubanio.com/view/photo/m_ratio_poster/public/p2190863851.jpg,2012-03-20,https://movie.douban.com/subject/10561911/,8.7,"剧情,动画,短片",5,,感人,2014-03-20 16:37:19
667670424,寒战,,https://img1.doubanio.com/view/photo/m_ratio_poster/public/p1741835010.jpg,2012-11-08(中国大陆),https://movie.douban.com/subject/6890730/,7.6,"剧情,动作,犯罪",5,谁说结尾大BOSS要放的人就是彭于晏？,,2013-04-15 12:45:29
526605694,超级战舰,,https://img2.doubanio.com/view/photo/m_ratio_poster/public/p1505422082.jpg,2012-04-18(中国大陆),https://movie.douban.com/subject/3742937/,6.7,"动作,科幻,冒险",5,没有豆瓣上那些装逼犯说的那么差，也没有也很好。,科幻,2012-05-01 11:37:58
519439660,未知电影,,https://img2.doubanio.com/f/frodo/753fa1e93c945e533e52dddab73b2b55a1083083/pics/subject/movie_large.jpg,,https://movie.douban.com/subject/5450891/,0,,5,经典无须多说。,"经典,爱情,3D,感人,浪漫,感动",2012-04-12 15:30:41
462929913,一年级生,,https://img9.doubanio.com/view/photo/m_ratio_poster/public/p674366076.jpg,2011-06-24(英国),https://movie.douban.com/subject/3154910/,8.1,"传记,剧情",5,,,2011-11-28 13:41:20
419084186,变形金刚3,,https://img2.doubanio.com/view/photo/m_ratio_poster/public/p1056093671.jpg,2011-07-21(中国大陆),https://movie.douban.com/subject/3610047/,7.2,"动作,科幻",5,好看。,科幻,2011-07-28 15:10:08
361715459,禁闭岛,,https://img1.doubanio.com/view/photo/m_ratio_poster/public/p450262388.jpg,2010-02-13(柏林电影节),https://movie.douban.com/subject/2334904/,8.9,"剧情,悬疑,惊悚",5,,,2011-03-05 11:35:32
359720180,致命伴旅,,https://img2.doubanio.com/view/photo/m_ratio_poster/public/p787822263.jpg,2011-02-13(中国大陆),https://movie.douban.com/subject/4190211/,6.6,"剧情,爱情,犯罪",5,,,2011-02-28 10:40:39
354017706,将爱情进行到底,,https://img2.doubanio.com/view/photo/m_ratio_poster/public/p797834801.jpg,2011-02-12(中国大陆),https://movie.douban.com/subject/4896263/,6.5,"剧情,爱情",5,,,2011-02-15 07:58:20
353128988,海盗电台,,https://img2.doubanio.com/view/photo/m_ratio_poster/public/p769608791.jpg,2009-04-01(英国),https://movie.douban.com/subject/3007773/,8.6,"剧情,喜剧,音乐",5,,,2011-02-13 04:05:30
353128663,这个男人来自地球,,https://img9.doubanio.com/view/photo/m_ratio_poster/public/p513303986.jpg,2007-11-13(美国),https://movie.douban.com/subject/2300586/,8.5,"剧情,科幻",5,,,2011-02-13 04:02:03
353128603,玩具总动员3,,https://img1.doubanio.com/view/photo/m_ratio_poster/public/p1283675359.jpg,2010-06-16(中国大陆),https://movie.douban.com/subject/1858711/,8.9,"喜剧,动画,奇幻",5,,,2011-02-13 04:01:08
353128591,机器人总动员,,https://img2.doubanio.com/view/photo/m_ratio_poster/public/p1461851991.jpg,2008-06-27(美国),https://movie.douban.com/subject/2131459/,9.3,"科幻,动画,冒险",5,,,2011-02-13 04:00:59
353128558,李献计历险记,,https://img1.doubanio.com/view/photo/m_ratio_poster/public/p2330245129.jpg,2009-12-05,https://movie.douban.com/subject/4226741/,8.7,"动画,短片",5,,,2011-02-13 04:00:36
353127716,两小无猜,,https://img1.doubanio.com/view/photo/m_ratio_poster/public/p1132971627.jpg,1971-04-21(英国),https://movie.douban.com/subject/1304942/,8.5,"剧情,爱情",5,,,2011-02-13 03:49:58
292360422,盗梦空间,,https://img9.doubanio.com/view/photo/m_ratio_poster/public/p513344864.jpg,2010-09-01(中国大陆),https://movie.douban.com/subject/3541415/,9.4,"剧情,科幻,悬疑",5,我不写影评，写影评的都是装B犯。,哲学,2010-09-11 14:06:33
280332751,爱要向前冲,,https://img2.doubanio.com/view/photo/m_ratio_poster/public/p574869653.jpg,2010-08-06,https://movie.douban.com/subject/4920569/,,,5,怎么说呢，如果非得去看电影，哪电影院只有这部我没看过了。,,2010-08-09 15:43:19
273715788,唐山大地震,,https://img1.doubanio.com/view/photo/m_ratio_poster/public/p545837150.jpg,2010-07-22(中国大陆),https://movie.douban.com/subject/3596502/,7.8,"剧情,历史,灾难",5,好,,2010-07-22 22:47:35
212604882,阿凡达,,https://img2.doubanio.com/view/photo/m_ratio_poster/public/p2634997853.jpg,2010-01-04(中国大陆),https://movie.douban.com/subject/1652587/,8.8,"动作,科幻,冒险",5,要么看2D 要么看imax 千万别看3D,,2010-02-04 14:46:01
183273294,第九区,,https://img9.doubanio.com/view/photo/m_ratio_poster/public/p2798828414.jpg,2009-11-27(中国大陆),https://movie.douban.com/subject/3006772/,8.3,"动作,剧情,科幻",5,,,2009-11-27 14:39:47
183272632,2012,,https://img1.doubanio.com/view/photo/m_ratio_poster/public/p505238859.jpg,2009-11-13(中国大陆),https://movie.douban.com/subject/3005875/,8,"科幻,灾难",5,,,2009-11-27 14:38:16
171456622,暮光之城,,https://img1.doubanio.com/view/photo/m_ratio_poster/public/p2601335410.jpg,2009-11-25(中国大陆),https://movie.douban.com/subject/2268359/,7.6,"剧情,爱情,惊悚",,"很喜欢的一个片子,可能是对这类型的片子情有独钟吧...",,2009-10-25 17:06:53
171320564,越狱 第一季,,https://img2.doubanio.com/view/photo/m_ratio_poster/public/p1422373182.jpg,2005-09-01(美国),https://movie.douban.com/subject/1419297/,9.4,"动作,犯罪,剧情",5,计划永远赶不上变化...,,2009-10-25 09:54:52
171319205,垂直极限,,https://img1.doubanio.com/view/photo/m_ratio_poster/public/p601924899.jpg,2000-12-08,https://movie.douban.com/subject/1301166/,7.7,"动作,冒险,惊悚",5,"为了救一个人的生命,而失去了更多人的生命,但是这些生命的付出都是有意义的...",,2009-10-25 09:48:43
170983106,建国大业,,https://img2.doubanio.com/view/photo/m_ratio_poster/public/p1039534802.jpg,2009-09-16(中国大陆),https://movie.douban.com/subject/3543690/,,"剧情,历史",,情节紧凑...有些地方不知是看不明白还是没交待清楚...当看热闹看过一遍...,,2009-10-24 10:14:29